title,location,description,link
ImFusion GmbH,"MünchenComputer Vision, Image Guided Surgery, Medical Imaging","MünchenComputer Vision, Image Guided Surgery, Medical Imaging",stackoverflow.com/jobs/companies/imfusion-gmbh?c=G4zcafjWAwjWpYU8&q=python
"Cipher Tech Solutions, Inc",Elkridge; Linthicum Heights; ViennaComputer Software,Elkridge; Linthicum Heights; ViennaComputer Software,stackoverflow.com/jobs/companies/cipher-tech-solutions-inc?c=4OhVpDyWPrknQjFS&q=python
Stardog Union,"ArlingtonDatabases, Enterprise Software, Information Technology","ArlingtonDatabases, Enterprise Software, Information Technology",stackoverflow.com/jobs/companies/Stardog-Union?c=y69d7xMTEOoXdd8k&q=python
Creative Assembly,"Horsham; BulgariaComputer Games, PC Games","Horsham; BulgariaComputer Games, PC Games",stackoverflow.com/jobs/companies/creative-assembly?c=Kad4Mntrp9p2VGP6&q=python
atma.io ,"Graz; Zagreb; Leinfelden-EchterdingenCloud-Based Solutions, Information Technology, SaaS","Graz; Zagreb; Leinfelden-EchterdingenCloud-Based Solutions, Information Technology, SaaS",stackoverflow.com/jobs/companies/atmaio?c=OxiN7j88ETWjfL8s&q=python
FINN,"MünchenAgile Software Development, Automotive, Mobility","MünchenAgile Software Development, Automotive, Mobility",stackoverflow.com/jobs/companies/finn?c=MoDdZTBXzfccxfq0&q=python
LeoVegas Mobile Gaming Group,"Stockholm; Västerås; VäxjöCasino, Gaming","Stockholm; Västerås; VäxjöCasino, Gaming",stackoverflow.com/jobs/companies/leovegas-mobile-gaming-group?c=LclShHGZH6k8RHoI&q=python
IMS,"Crewe; Waterloo; ManchesterAutomotive, Insurance, Software Development","Crewe; Waterloo; ManchesterAutomotive, Insurance, Software Development",stackoverflow.com/jobs/companies/ims1?c=OD3ndpKtJkZm8O0U&q=python
CARIAD ,"Nürnberg; Wolfsburg; MönsheimAgile Software Development, Autonomous Driving, Computer Vision","Nürnberg; Wolfsburg; MönsheimAgile Software Development, Autonomous Driving, Computer Vision",stackoverflow.com/jobs/companies/cariad?c=OEdTMhDz4cPt28z6&q=python
Breuninger GmbH & Co.,"Düsseldorf; StuttgartE-Commerce, Information Technology, Retail","Düsseldorf; StuttgartE-Commerce, Information Technology, Retail",stackoverflow.com/jobs/companies/breuninger-gmbh-co?c=AE472SJw62RXGXAs&q=python
Baker Hughes,Houston; Cramlington; GrobySoftware Development / Engineering,Houston; Cramlington; GrobySoftware Development / Engineering,stackoverflow.com/jobs/companies/baker-hughes?c=OzPVFwyuyrVybDZS&q=python&pg=2
ZEISS Group,"München; Oberkochen; JenaMachine Learning, Medical Devices, Virtual Reality","München; Oberkochen; JenaMachine Learning, Medical Devices, Virtual Reality",stackoverflow.com/jobs/companies/zeiss-group?c=wSZsZcs7hw9jnaco&q=python&pg=2
Picnic,"Düsseldorf; AmsterdamE-Commerce, Information Technology, Logistics and Supply Chain","Düsseldorf; AmsterdamE-Commerce, Information Technology, Logistics and Supply Chain",stackoverflow.com/jobs/companies/picnic?c=mvUJNSg2ZCkHfGvu&q=python&pg=2
Catawiki,Assen; AmsterdameCommerce,Assen; AmsterdameCommerce,stackoverflow.com/jobs/companies/catawiki?c=gtoApgik3V46wogw&q=python&pg=2
Motius GmbH,"München; Stuttgart; DubaiElectronics, Software Development / Engineering, Web Development","München; Stuttgart; DubaiElectronics, Software Development / Engineering, Web Development",stackoverflow.com/jobs/companies/motius-gmbh?c=npLOESqUjAdvmLle&q=python&pg=2
Copado Strategic Services,"San FranciscoCybersecurity, DevOps, Internet Infrastructure","San FranciscoCybersecurity, DevOps, Internet Infrastructure",stackoverflow.com/jobs/companies/copado-strategic-services?c=lodrCV4kR2FzzQOs&q=python&pg=2
IMC Trading,"Amsterdam; Chicago; The RocksCapital Markets, Financial Technology, High Frequency Trading","Amsterdam; Chicago; The RocksCapital Markets, Financial Technology, High Frequency Trading",stackoverflow.com/jobs/companies/imc-trading?c=btZFEmN3xefHtdok&q=python&pg=2
ING Deutschland,"Frankfurt am Main; NürnbergBanking, Finance, Financial Technology","Frankfurt am Main; NürnbergBanking, Finance, Financial Technology",stackoverflow.com/jobs/companies/ing-deutschland?c=ia5AK3jwGDN3oyCQ&q=python&pg=2
MUFG,"Phoenix; Charlotte; DallasBanking, Financial Services, Financial Technology","Phoenix; Charlotte; DallasBanking, Financial Services, Financial Technology",stackoverflow.com/jobs/companies/mufg?c=OCFcmss7hInjQmuQ&q=python&pg=2
Adyen.,"Madrid; Chicago; AmsterdamFinancial Services, Financial Technology, Payment Network","Madrid; Chicago; AmsterdamFinancial Services, Financial Technology, Payment Network",stackoverflow.com/jobs/companies/adyen?c=OKmEJlygAguydCXC&q=python&pg=2
Assurance,"Toronto; Seattle; Fort LauderdaleFinancial Services, Insurance","Toronto; Seattle; Fort LauderdaleFinancial Services, Insurance",stackoverflow.com/jobs/companies/assurance?c=Og95xe6d3uWGaenC&q=python&pg=3
Y42,"Ho Chi Minh City; Berlin; AlbaniaData & Analytics, Databases, Information Technology","Ho Chi Minh City; Berlin; AlbaniaData & Analytics, Databases, Information Technology",stackoverflow.com/jobs/companies/y42?c=OHrlkaPyf5TgZiA8&q=python&pg=3
AllTrails,San FranciscoHealth & Fitness,San FranciscoHealth & Fitness,stackoverflow.com/jobs/companies/alltrails?c=OpjcBHyIwDmy9F28&q=python&pg=3
Enveil,"FultonBusiness to Business, Security Software","FultonBusiness to Business, Security Software",stackoverflow.com/jobs/companies/enveil?c=H6BWXkIpgz5wMnBe&q=python&pg=3
Udemy,"Mountain View; Austin; DenverEducation Technology, SaaS","Mountain View; Austin; DenverEducation Technology, SaaS",stackoverflow.com/jobs/companies/udemy?c=OJodAXjmtcXstwas&q=python&pg=3
Thermo Fisher Scientific Careers,"Hyderabad; Budapest; AustinBiotechnology, Pharmaceuticals, Science","Hyderabad; Budapest; AustinBiotechnology, Pharmaceuticals, Science",stackoverflow.com/jobs/companies/thermo-fisher-scientific-careers?c=OIpMsz4sm9qmJpni&q=python&pg=3
"Sailpoint Technologies, Inc.","AustinInformation Technology, IT Security, Network Security","AustinInformation Technology, IT Security, Network Security",stackoverflow.com/jobs/companies/sailpoint-technologies-inc?c=Jp1TqEDDuNayVZfi&q=python&pg=3
Yoco,Cape Town; Amsterdam; JohannesburgFinancial Technology,Cape Town; Amsterdam; JohannesburgFinancial Technology,stackoverflow.com/jobs/companies/yoco?c=OJYtSofU8DSvVbry&q=python&pg=3
Fullscript,"Ottawa; ScottsdaleComputer Software, eCommerce, Health Care","Ottawa; ScottsdaleComputer Software, eCommerce, Health Care",stackoverflow.com/jobs/companies/fullscript?c=finNYb5x8ybFjMFW&q=python&pg=3
Geotab,"No office locationInternet of Things, Software Development / Engineering, Telematics","No office locationInternet of Things, Software Development / Engineering, Telematics",stackoverflow.com/jobs/companies/geotab?c=LpjHbvi20yISfXlm&q=python&pg=3
Adference GmbH,"LüneburgE-Commerce, Online Advertising, SaaS","LüneburgE-Commerce, Online Advertising, SaaS",stackoverflow.com/jobs/companies/adference-gmbh?c=LQ7JpfTV8CTVcY9i&q=python&pg=4
The Home Depot,"No office locationRetail, Technical Services, Web Technology","No office locationRetail, Technical Services, Web Technology",stackoverflow.com/jobs/companies/the-home-depot?c=OHxo2pEDR02MyUsE&q=python&pg=4
Inductive Automation ,"FolsomIndustrial Automation, SCADA","FolsomIndustrial Automation, SCADA",stackoverflow.com/jobs/companies/inductive-automation?c=OKsHrAnmcaE3NeQ8&q=python&pg=4
ASML,"Chandler; Veldhoven; East DistrictHardware Development, Semiconductors, Software Development / Engineering","Chandler; Veldhoven; East DistrictHardware Development, Semiconductors, Software Development / Engineering",stackoverflow.com/jobs/companies/asml?c=o64OkE4bEEMwDUXe&q=python&pg=4
SpotMe,"Sofia; LausanneEnterprise Software, SaaS, Virtual Events","Sofia; LausanneEnterprise Software, SaaS, Virtual Events",stackoverflow.com/jobs/companies/spotme?c=9KnlUp38zkXHSY8&q=python&pg=4
Andela,"No office locationAgile Software Development, Software Development / Engineering, Technology Staffing","No office locationAgile Software Development, Software Development / Engineering, Technology Staffing",stackoverflow.com/jobs/companies/andela?c=NH9nnogIzlSQXTIk&q=python&pg=4
MBition (Mercedes Benz AG),"BerlinAgile Software Development, Automotive","BerlinAgile Software Development, Automotive",stackoverflow.com/jobs/companies/mbition-mercedes-benz-ag?c=OHDqKEtJsUci8wla&q=python&pg=4
Dell Technologies,"Seattle; Round Rock; HopkintonHardware Engineering, Software Development / Engineering, Telecommunications","Seattle; Round Rock; HopkintonHardware Engineering, Software Development / Engineering, Telecommunications",stackoverflow.com/jobs/companies/dell-technologies?c=OKaziRU5msbx4pcA&q=python&pg=4
Capital Group,"San Antonio; Irvine; Los AngelesFinancial Services, Financial Technology","San Antonio; Irvine; Los AngelesFinancial Services, Financial Technology",stackoverflow.com/jobs/companies/capital-group?c=OF6icr3nzmd3cDtK&q=python&pg=4
Canonical,"Taipei City; London; MontrealCloud Computing, Information Technology, Internet of Things","Taipei City; London; MontrealCloud Computing, Information Technology, Internet of Things",stackoverflow.com/jobs/companies/canonical?c=NQTKJiFLHVdMoZDW&q=python&pg=4
PHOENIX CONTACT GmbH & Co. KG,"BlombergAutomotive, Electronics, Information Technology","BlombergAutomotive, Electronics, Information Technology",stackoverflow.com/jobs/companies/phoenix-contact-gmbh-co-kg?c=OJugjc8s576Y382Y&q=python&pg=5
Warner Bros. Discovery,"Knoxville; Sterling; New YorkBroadcast, Digital Media, Digital Video Distribution","Knoxville; Sterling; New YorkBroadcast, Digital Media, Digital Video Distribution",stackoverflow.com/jobs/companies/warner-bros-discovery?c=MQTUVeAcRTFT6qpG&q=python&pg=5
LinkedIn,"Beijing; New York; SunnyvaleAdvertising, Online Education, Social Networking","Beijing; New York; SunnyvaleAdvertising, Online Education, Social Networking",stackoverflow.com/jobs/companies/linkedin?c=OEOa3IA6JDKwtNQc&q=python&pg=5
Flip App,"StuttgartAgile Software Development, Messaging, Mobile Application","StuttgartAgile Software Development, Messaging, Mobile Application",stackoverflow.com/jobs/companies/flip-app?c=OJ02K0101Alqb4Eo&q=python&pg=5
Lufthansa Industry Solutions,Wolfsburg; Wetzlar; StuttgartIT Consulting,Wolfsburg; Wetzlar; StuttgartIT Consulting,stackoverflow.com/jobs/companies/lufthansa-industry-solutions?c=OK4wAD4ZKy21uNk4&q=python&pg=5
Zühlke Engineering GmbH,"Eschborn; München; StuttgartAgile Software Development, Enterprise Software, Software Development / Engineering","Eschborn; München; StuttgartAgile Software Development, Enterprise Software, Software Development / Engineering",stackoverflow.com/jobs/companies/z%C3%BChlke-engineering-gmbh?c=M1eIKvQePSnYGCo8&q=python&pg=5
CREDIT SUISSE AG,"London; Zürich; Navi MumbaiBanking, Financial Services, Financial Technology","London; Zürich; Navi MumbaiBanking, Financial Services, Financial Technology",stackoverflow.com/jobs/companies/credit-suisse-ag?c=OI1BBBM5UwOkqXRe&q=python&pg=5
Vertica,"Cambridge; PittsburghBig Data, Enterprise Software, Information Technology","Cambridge; PittsburghBig Data, Enterprise Software, Information Technology",stackoverflow.com/jobs/companies/vertica?c=OIjJKkfmKfgR9NuM&q=python&pg=5
JPMorgan Chase & Co.,Buenos Aires; Herzliya; BengaluruFinancial Services,Buenos Aires; Herzliya; BengaluruFinancial Services,stackoverflow.com/jobs/companies/jpmorgan-chase-co?c=NjWXyu9b3NnEguru&q=python&pg=5
Pentalog,"Paris; Brooklyn; ZapopanAgile Software Development, Digital Marketing, IT Recruitment","Paris; Brooklyn; ZapopanAgile Software Development, Digital Marketing, IT Recruitment",stackoverflow.com/jobs/companies/pentalog?c=N0WqpRswQbtlglYQ&q=python&pg=5
BAE Systems Digital Intelligence,"Manchester; Brockworth; LeedsCybersecurity, Defence & Security","Manchester; Brockworth; LeedsCybersecurity, Defence & Security",stackoverflow.com/jobs/companies/bae-systems-digital-intelligence?c=OGX7KYI6bz7J7fby&q=python&pg=6
Adevinta,Barcelona; ParisInformation Technology,Barcelona; ParisInformation Technology,stackoverflow.com/jobs/companies/adevinta?c=O3toM8YrzL0tuO4w&q=python&pg=6
MOIA GmbH,"Berlin; HamburgAutomotive, Mobility Services, ridesharing","Berlin; HamburgAutomotive, Mobility Services, ridesharing",stackoverflow.com/jobs/companies/moia-gmbh?c=JMwroherQ48ime9G&q=python&pg=6
Zuhlke Engineering Ltd,"Manchester; Edinburgh; LondonConsulting, Software Development / Engineering","Manchester; Edinburgh; LondonConsulting, Software Development / Engineering",stackoverflow.com/jobs/companies/zuhlke-engineering-ltd?c=qiKaHRn4OrOvUtIQ&q=python&pg=6
funda,"AmsterdameCommerce, Information Technology","AmsterdameCommerce, Information Technology",stackoverflow.com/jobs/companies/funda-real-estate-bv?c=Jpk1zn6UkvD5EOSQ&q=python&pg=6
Delivery Hero SE,"BerlineCommerce, Food & Beverage, Logistics & Distribution","BerlineCommerce, Food & Beverage, Logistics & Distribution",stackoverflow.com/jobs/companies/delivery-hero-se?c=sgMY3d4ognQ71oB2&q=python&pg=6
Apple,Cupertino; Austin; HaifaConsumer Electronics,Cupertino; Austin; HaifaConsumer Electronics,stackoverflow.com/jobs/companies/apple?c=smlsIQ2y70A8LdIs&q=python&pg=6
Zuhlke Engineering EOOD,"SofiaAgile Software Development, Computer Software","SofiaAgile Software Development, Computer Software",stackoverflow.com/jobs/companies/zuhlke-engineering-eood?c=M1wQTejvFAQvps1G&q=python&pg=6
Amazon Web Services (AWS),"No office locationCloud Computing, Cloud Services, Cloud-Based Solutions","No office locationCloud Computing, Cloud Services, Cloud-Based Solutions",stackoverflow.com/jobs/companies/amazon-web-services-aws?c=OIvPaNTxY3zSj1fO&q=python&pg=6
Ford Motor Company,"Dearborn; Palo Alto; DetroitAutomotive, Transportation","Dearborn; Palo Alto; DetroitAutomotive, Transportation",stackoverflow.com/jobs/companies/ford-motor-company?c=OGsUbMAE82mbfbMY&q=python&pg=6
Abbott,California; Orlando; BendHealthcare,California; Orlando; BendHealthcare,stackoverflow.com/jobs/companies/abbott?c=OH3atdxbNtheGR44&q=python&pg=7
3M Health Information Systems and The Digital Science Community ,"Albany; Silver Spring; PittsburghDigital Health, Enterprise Software, Software Development / Engineering","Albany; Silver Spring; PittsburghDigital Health, Enterprise Software, Software Development / Engineering",stackoverflow.com/jobs/companies/3m-health-information-systems-and-the-digital-science-community?c=OHliBW0sDbJLpGHC&q=python&pg=7
PayPay Corporation.,No office locationFinancial Technology,No office locationFinancial Technology,stackoverflow.com/jobs/companies/paypay-corporation?c=LGtoLAjXBXIvlu6c&q=python&pg=7
"DICK'S Sporting Goods, Inc. ",No office locationRetail,No office locationRetail,stackoverflow.com/jobs/companies/dicks-sporting-goods-inc?c=OIU01LbUpGbUBsLS&q=python&pg=7
Fidelity Investments,"Westlake; Salt Lake City; DurhamFinance, Financial Services, Financial Technology","Westlake; Salt Lake City; DurhamFinance, Financial Services, Financial Technology",stackoverflow.com/jobs/companies/fidelity-investments?c=OHVyTmX0iCEORlYI&q=python&pg=7
Northwestern Mutual,"Milwaukee; New YorkFinancial Services, Financial Technology","Milwaukee; New YorkFinancial Services, Financial Technology",stackoverflow.com/jobs/companies/northwestern-mutual?c=OJGlJFMDiVpZclO0&q=python&pg=7
Luxoft ,Wrocław; Gdańsk; TorinoIT Consulting,Wrocław; Gdańsk; TorinoIT Consulting,stackoverflow.com/jobs/companies/luxoft?c=OFoql9wEp4FzVt7i&q=python&pg=7
G DATA CyberDefense AG,"BochumCybersecurity, IT Security","BochumCybersecurity, IT Security",stackoverflow.com/jobs/companies/g-data-cyberdefense-ag?c=OHPwb87UGIvjhK6c&q=python&pg=7
BAUHAUS AG,"MannheimE-Commerce, Retail","MannheimE-Commerce, Retail",stackoverflow.com/jobs/companies/bauhaus-ag?c=OJSra9qOwJJ0lzz2&q=python&pg=7
Zühlke Engineering AG,"Bern; SchlierenData Science, IT Security, Software Development / Engineering","Bern; SchlierenData Science, IT Security, Software Development / Engineering",stackoverflow.com/jobs/companies/z%C3%BChlke-engineering-ag?c=M18G2h19dYet70vC&q=python&pg=7
Audible,"Newark; Cambridge; SeattleAgile Software Development, Content Marketing, Web Technology","Newark; Cambridge; SeattleAgile Software Development, Content Marketing, Web Technology",stackoverflow.com/jobs/companies/audible?c=c8xStPAHS03ypnb2&q=python&pg=8
Bloomberg LP,"New York; Princeton; LondonData & Analytics, Financial Technology, News","New York; Princeton; LondonData & Analytics, Financial Technology, News",stackoverflow.com/jobs/companies/bloomberg?c=3NdBKWpogs5Te1LW&q=python&pg=8
Commonwealth Bank,"Sydney; EveleighBanking, Financial Services, Financial Technology","Sydney; EveleighBanking, Financial Services, Financial Technology",stackoverflow.com/jobs/companies/commonwealth-bank?c=OGmRtxLyw8cFFzUs&q=python&pg=8
Caterpillar Inc.,"Chicago; Peoria; BengaluruInternet of Things, Manufacturing, Software Development / Engineering","Chicago; Peoria; BengaluruInternet of Things, Manufacturing, Software Development / Engineering",stackoverflow.com/jobs/companies/caterpillar-inc?c=OIdH25qh8l7lAbCg&q=python&pg=8
DraftKings,"Boston; Las Vegas; SofiaMarketplace, Software Development, Sports Technology","Boston; Las Vegas; SofiaMarketplace, Software Development, Sports Technology",stackoverflow.com/jobs/companies/draftkings?c=hDV9h9nEVLaZQWsw&q=python&pg=8
PAYBACK,"München; Wien; KölnBonusprogramm, Product Development, Software Development","München; Wien; KölnBonusprogramm, Product Development, Software Development",stackoverflow.com/jobs/companies/PAYBACK?c=p24QSUn2qy2xor8k&q=python&pg=8
If P&C Insurance,"Mölndal; Hvidovre; EspooFinance, Financial Services, Insurance","Mölndal; Hvidovre; EspooFinance, Financial Services, Insurance",stackoverflow.com/jobs/companies/if-p-c-insurance?c=OtHaIsDN2ogt09Bm&q=python&pg=8
PwC,"New YorkConsulting, Product Development, Technology Consulting","New YorkConsulting, Product Development, Technology Consulting",stackoverflow.com/jobs/companies/pwc?c=BaOONdBVwmp4Gf1S&q=python&pg=8
