company,title,location
Vendo,"Senior Ruby on Rails Developer ($3,800 - $5,150) REMOTE",Anywhere in the World
Chameleon,Rails Engineer,Anywhere in the World
Rally,Senior Backend Laravel Engineer,Europe Only
"Upstack Technologies, Inc.",Python Developer - Remote,Americas Only / Europe Only
"Upstack Technologies, Inc.",Ruby on Rails Engineer - Remote,Americas Only / Europe Only
Teal,Senior Data Scientist,
FinDox Inc,Senior C# and PostgreSQL Backend Developer,Anywhere in the World
Ebury,Senior Software Developer - Python (EU & South America),Anywhere in the World
Briza,"Junior Backend Engineer (Remote - TypeScript, Node)",Europe Only
Arrakis,Senior Engineer (Knowledge Graph),Anywhere in the World
Zero Hash,Senior Software Developer ,Anywhere in the World
AgencyAnalytics,"Backend Engineer, Reporting",Canada Only
BuildBook,Ruby on Rails Software Engineer,North America Only
Ren Systems,Senior Backend Engineer,Anywhere in the World
Doximity,Python Platform Engineer,Americas Only
Drops,Senior Backend Engineer,Anywhere in the World
ArborXR,PHP/Laravel Developer for AR/VR Company,USA Only / Canada Only
FileCloud,Software Development Engineer (Mac),Anywhere in the World
ColorElephant, Senior PHP Engineer,Anywhere in the World
Findify,Mid-Senior Scala back-end Engineer,Europe Only
Showcase IDX,Sr. Ruby Engineer,USA Only
Paymentology,Software QA Engineer,EMEA Only
PolicyFly,Senior Backend Engineer,North America Only
Union Game Studios,MMO Backend Game Developer,Anywhere in the World
X-Team,Blockchain Engineer,Anywhere in the World
X-Team,Data Engineer,Anywhere in the World
Narrative I/O,Scala/AWS/Spark Backend Engineer (Remote),North America Only / Europe Only
Clevertech,Senior Backend Engineer - Node,Anywhere in the World
Vaan Group,"Laravel, PHP Engineer for E-Commerce Agency",Americas Only / EMEA Only
Toggl,Backend Developer at Toggl Plan,Anywhere in the World
The Giving Block,"Senior Backend Developer (TypeScript, NodeJS)",Anywhere in the World
Live Coin Watch,Junior Javascript Engineer,Anywhere in the World
Storm Ideas Ltd,Senior .NET Developer,Europe Only
Storm Ideas Ltd,Lead iOS Developer,Europe Only
Storm Ideas Ltd,Lead Android Developer,Europe Only
Chalkboard,JavaScript Developer,Europe Only
Toptal,Senior Go Developer ,Anywhere in the World
Scott's Cheap Flights,"Software Engineer, React Native ",USA Only
Chili Piper,Back End Engineer,Anywhere in the World
Toptal,Senior Back-End Developer,Anywhere in the World
Clevertech,Sr Java Engineer- Billing and Payment Infrastructure Expert,Anywhere in the World
Fretello GmbH,"Backend Engineer (Node.js, Postgres, AWS)",EMEA Only
Contra,Senior Node.js/GraphQL/PostgreSQL engineer,Anywhere in the World
Entermotion,PHP/Laravel App Developer,Anywhere in the World
WebDevStudios,Backend Engineer,Anywhere in the World
Clevertech,Sr C++ Engineer,Anywhere in the World
Flanksource,Senior / Staff Software Engineer (Go or React),Anywhere in the World
The Events Calendar,WordPress Developer - Backend,Anywhere in the World
AgencyAnalytics,Backend Engineer,Canada Only
NOCD,Senior backend developer ,USA Only
Proton,[Electronic Music] Senior Dev Ops/Infrastructure,Americas Only
Fleetio,"Senior Software Engineer, Integrations",North America Only
Paymentology,Software Engineer,Latin America Only / Europe Only / UK Only
Test Double,Senior Software Consultant - Ruby,Anywhere in the World
X-Team,Go Developer,Anywhere in the World
Synergy Sports,Senior Ruby Back-End Engineer,Europe Only
Teylor AG,Senior Backend Engineer - Go,Europe Only
Gig Wage,Sr. Ruby on Rails Engineer,USA Only
CloudZero,Senior Backend Engineer,USA Only
Lugg,Senior Ruby/Rails Engineer,Anywhere in the World
Emurgo,Software Engineer - Backend - 3 month contract with option to extend ,Anywhere in the World
Files.com,FTP and SFTP Server Developer (Java),USA Only
Automattic,Senior Backend Software Engineer,Anywhere in the World
CloudLinux,C Developer,Anywhere in the World
Automattic,Mobile DevOps Engineer,Anywhere in the World
SimplyAnalytics,PHP Developer,Anywhere in the World
FileCloud,Senior Software Engineer (C++),Anywhere in the World
"TheoremOne, LLC",Senior Backend Engineer - Python,Anywhere in the World
Zapata Computing,Senior Cloud Engineer,Anywhere in the World
TestGorilla,Backend Engineer (Python),Anywhere in the World
TestGorilla,Senior Backend Engineer (Python),Anywhere in the World
X-Team,Java Developer,Anywhere in the World
Doximity,Automation Software Engineer (Ruby/Javascript),North America Only
Toptal,Senior Blockchain Developer,Anywhere in the World
Vidalytics,"Sr PHP Developer - Microservices, SlimPHP, Laminas / Symfony ðŸš€",Anywhere in the World
Toggl,Backend Developer,Anywhere in the World
"Upstack Technologies, Inc.",Golang Software Developer,Americas Only / Europe Only
"Upstack Technologies, Inc.",Blockchain Developer,Americas Only / Europe Only
"DockYard, Inc.",Senior Elixir Developer,USA Only
X-Team,WordPress Developer,Anywhere in the World
X-Team,Elixir/Blockchain Developer,Anywhere in the World
X-Team,Go Developer (Asia-Pacific),Asia Only
X-Team,Ruby/Rails Developer,Anywhere in the World
X-Team,QA Automation Engineer,Anywhere in the World
X-Team,Python Developer,Anywhere in the World
X-Team,PHP Developer,Anywhere in the World
Vendo,"Ruby on Rails Developer ($2,250 - $3,600)",Anywhere in the World
X-Team,.NET Developer,Anywhere in the World
WINGSPAN,Presales / Solutions Engineer,Latin America Only / Americas Only
"Postie, Inc",Scala Engineer,USA Only
Callbell,Senior Backend Developer (Rails) - Remote,Europe Only
Sendwave,Backend Engineer,USA Only / North America Only / Latin America Only / Americas Only / Europe Only / UK Only / Canada Only / Africa Only
Engooden Health,Technical Lead- Python,USA Only
Sendwave,Senior Backend Engineer,USA Only / Latin America Only / Europe Only / UK Only / Africa Only
Onramp,Teaching Engineer (Java),Anywhere in the World
Synergy Sports,Senior Python Back-End Engineer,Europe Only
